{
  "model": "xgboost",
  "training_time_seconds": 1.3961975574493408,
  "mae": 0.0044367550297783965,
  "mse": 0.00027857634566833597,
  "rmse": 0.01669060650990059,
  "r2": 0.8825145436570054,
  "mape": 2341.319872568411
}