{
  "timestamp": "2025-11-19T16:25:35.586966",
  "models": {
    "xgboost": {
      "model": "xgboost",
      "mae": 0.004436755029778396,
      "mse": 0.000278576345668336,
      "rmse": 0.01669060650990059,
      "r2": 0.8825145436570054
    },
    "lightgbm": {
      "model": "lightgbm",
      "mae": 0.0051050960701907715,
      "mse": 0.00033352446666622435,
      "rmse": 0.018262652235264853,
      "r2": 0.8593409857759899
    },
    "random_forest": {
      "model": "random_forest",
      "mae": 0.002863748741993775,
      "mse": 0.00016816449402980496,
      "rmse": 0.012967825339269688,
      "r2": 0.9290791101650019
    }
  },
  "summary": {
    "best_r2": [
      "random_forest",
      {
        "model": "random_forest",
        "mae": 0.002863748741993775,
        "mse": 0.00016816449402980496,
        "rmse": 0.012967825339269688,
        "r2": 0.9290791101650019
      }
    ],
    "best_rmse": [
      "random_forest",
      {
        "model": "random_forest",
        "mae": 0.002863748741993775,
        "mse": 0.00016816449402980496,
        "rmse": 0.012967825339269688,
        "r2": 0.9290791101650019
      }
    ],
    "best_mae": [
      "random_forest",
      {
        "model": "random_forest",
        "mae": 0.002863748741993775,
        "mse": 0.00016816449402980496,
        "rmse": 0.012967825339269688,
        "r2": 0.9290791101650019
      }
    ]
  }
}