{
  "timestamp": "2025-11-23T08:29:44.514818",
  "models": {
    "xgboost": {
      "model": "xgboost",
      "mae": 0.004186632595979536,
      "mse": 0.0002162535952163837,
      "rmse": 0.014705563410369006,
      "r2": 0.9087982425110193
    },
    "linear_regression": {
      "model": "linear_regression",
      "mae": 0.014852856417489258,
      "mse": 0.0022866022897258154,
      "rmse": 0.04781843043979816,
      "r2": 0.0356592809814128
    },
    "random_forest": {
      "model": "random_forest",
      "mae": 0.002863748741993775,
      "mse": 0.00016816449402980496,
      "rmse": 0.012967825339269688,
      "r2": 0.9290791101650019
    }
  },
  "summary": {
    "best_r2": [
      "random_forest",
      {
        "model": "random_forest",
        "mae": 0.002863748741993775,
        "mse": 0.00016816449402980496,
        "rmse": 0.012967825339269688,
        "r2": 0.9290791101650019
      }
    ],
    "best_rmse": [
      "random_forest",
      {
        "model": "random_forest",
        "mae": 0.002863748741993775,
        "mse": 0.00016816449402980496,
        "rmse": 0.012967825339269688,
        "r2": 0.9290791101650019
      }
    ],
    "best_mae": [
      "random_forest",
      {
        "model": "random_forest",
        "mae": 0.002863748741993775,
        "mse": 0.00016816449402980496,
        "rmse": 0.012967825339269688,
        "r2": 0.9290791101650019
      }
    ]
  }
}