,model,mae,mse,rmse,r2
xgboost,xgboost,0.0044367550297783965,0.00027857634566833597,0.01669060650990059,0.8825145436570054
lightgbm,lightgbm,0.005105096070190767,0.0003335244666662244,0.018262652235264853,0.8593409857759898
random_forest,random_forest,0.002863748741993775,0.00016816449402980496,0.012967825339269688,0.9290791101650019
