,model,mae,mse,rmse,r2
xgboost,xgboost,0.004186632595979536,0.0002162535952163837,0.014705563410369006,0.9087982425110193
linear_regression,linear_regression,0.014852856417489258,0.0022866022897258154,0.04781843043979816,0.0356592809814128
random_forest,random_forest,0.002863748741993775,0.00016816449402980496,0.012967825339269688,0.9290791101650019
