{
  "linear_regression": {
    "model": "linear_regression",
    "mae": 0.014852856417489258,
    "mse": 0.0022866022897258154,
    "rmse": 0.04781843043979816,
    "r2": 0.0356592809814128
  },
  "xgboost": {
    "model": "xgboost",
    "mae": 0.004463472309505706,
    "mse": 0.00028031066547833713,
    "rmse": 0.016742480863908345,
    "r2": 0.8817831199109087
  },
  "random_forest": {
    "model": "random_forest",
    "mae": 0.002863748741993775,
    "mse": 0.00016816449402980496,
    "rmse": 0.012967825339269688,
    "r2": 0.9290791101650019
  }
}