{
  "xgboost": {
    "model": "xgboost",
    "mae": 0.004436755029778396,
    "mse": 0.000278576345668336,
    "rmse": 0.01669060650990059,
    "r2": 0.8825145436570054
  },
  "linear_regression": {
  "model": "linear_regression",
  "mae": 0.014852856417489258,
  "mse": 0.0022866022897258154,
  "rmse": 0.04781843043979816,
  "r2": 0.0356592809814128
},
  "random_forest": {
    "model": "random_forest",
    "mae": 0.002863748741993775,
    "mse": 0.00016816449402980496,
    "rmse": 0.012967825339269688,
    "r2": 0.9290791101650019
  }
}