{
  "xgboost": {
    "model": "xgboost",
    "mae": 0.0044367550297783965,
    "mse": 0.00027857634566833597,
    "rmse": 0.01669060650990059,
    "r2": 0.8825145436570054
  },
  "lightgbm": {
    "model": "lightgbm",
    "mae": 0.005105096070190767,
    "mse": 0.0003335244666662244,
    "rmse": 0.018262652235264853,
    "r2": 0.8593409857759898
  },
  "random_forest": {
    "model": "random_forest",
    "mae": 0.002863748741993775,
    "mse": 0.00016816449402980496,
    "rmse": 0.012967825339269688,
    "r2": 0.9290791101650019
  }
}