{
  "controller_kind": 0.0,
  "mem_limit": -0.0017116220664025105,
  "mem_request": 0.0018722605076498377,
  "runtime_minutes": -0.004388873460438396,
  "cpu_request": -0.012553722835571032,
  "cpu_limit": 0.017998324980151168
}