{
  "controller_kind": 0.0,
  "cpu_limit": 0.09339684247970581,
  "cpu_request": 0.18435724079608917,
  "mem_request": 0.20137976109981537,
  "runtime_minutes": 0.221993088722229,
  "mem_limit": 0.29887303709983826
}