{
  "controller_kind": 0.0,
  "mem_request": 0.13045161962509155,
  "cpu_request": 0.13617080450057983,
  "runtime_minutes": 0.15214453637599945,
  "cpu_limit": 0.16188845038414001,
  "mem_limit": 0.41934460401535034
}