{
  "model": "lightgbm",
  "mae": 0.005105096070190767,
  "mse": 0.0003335244666662244,
  "rmse": 0.018262652235264853,
  "r2": 0.8593409857759898
}