{
  "model": "lightgbm",
  "mae": 0.0051050960701907715,
  "mse": 0.00033352446666622435,
  "rmse": 0.018262652235264853,
  "r2": 0.8593409857759899
}