{
  "model": "linear_regression",
  "mae": 0.014852856417489258,
  "mse": 0.0022866022897258154,
  "rmse": 0.04781843043979816,
  "r2": 0.0356592809814128
}