{
  "model": "random_forest",
  "mae": 0.002863748741993775,
  "mse": 0.00016816449402980496,
  "rmse": 0.012967825339269688,
  "r2": 0.9290791101650019
}