{
  "model": "xgboost",
  "mae": 0.004463472309505706,
  "mse": 0.00028031066547833713,
  "rmse": 0.016742480863908345,
  "r2": 0.8817831199109087
}