{
  "model": "xgboost",
  "mae": 0.004436755029778396,
  "mse": 0.000278576345668336,
  "rmse": 0.01669060650990059,
  "r2": 0.8825145436570054
}