{
  "model": "xgboost",
  "mae": 0.004186632595979536,
  "mse": 0.0002162535952163837,
  "rmse": 0.014705563410369006,
  "r2": 0.9087982425110193
}