{
  "model": "xgboost",
  "mae": 0.0044367550297783965,
  "mse": 0.00027857634566833597,
  "rmse": 0.01669060650990059,
  "r2": 0.8825145436570054
}