{
  "cpu_request": 0.16705113649368286,
  "mem_request": 0.06854996830224991,
  "cpu_limit": 0.14718544483184814,
  "mem_limit": 0.38601040840148926,
  "runtime_minutes": 0.23120297491550446,
  "controller_kind": 0.0
}